tool,version,arch,libc,url,archive_type,download_timestamp,download_status,size_bytes,md5,sha1,sha256,sha512,blake2b,blake3,crc32
bat,0.26.1,amd64,gnu,"https://github.com/sharkdp/bat/releases/download/v0.26.1/bat-v0.26.1-x86_64-unknown-linux-gnu.tar.gz",tar.gz,2026-05-17T15:13:22Z,OK,3546574,decba3a286a3470804b372a294cd0e0a,a227a36efba24aebd7b90c417a2a1bbf606bbf22,726f04c8f576a7fd18b7634f1bbf2f915c43494c1c0f013baa3287edb0d5a2a3,fa25942394c361a3dc6d049183e04decc07757aa60406fe7850ec353f944ce296718496f1b0b1d076f4db9ab9703239ab538d787c2fba6bfdef7a3adf845ca9c,81947a208682f14dd6aea5961dd7101b92b85cb16598331fa30a1bf0339c133b8e460a7809dd24da71bb50e18a72f1a1f07028f6e7ca763e31eb136ff2180942,2c8e30827cf93cc8c23e23346a437a0e9322d25bfafab4a22931d6c17df433ac,623838673
bat,0.26.1,amd64,musl,"https://github.com/sharkdp/bat/releases/download/v0.26.1/bat-v0.26.1-x86_64-unknown-linux-musl.tar.gz",tar.gz,2026-05-17T15:13:22Z,OK,3584928,f50291d237123c66c6ce4e27cd291668,85a2d146cbe3e8d762a8e3c8c45ba8e68fa23db8,0dcd8ac79732c0d5b136f11f4ee00e581440e16a44eab5b3105b611bbf2cf191,3cbefa332545c33fa5fb9e78a783047fca97a893909c25b750501cebaa3194b0fa5206bfb959a509333c745199878c54704ebc6e11a8616911ca524cbe2a3f0b,4d1b87efc2c9c99dc62f4c59444fe2eaffef45e0803c0760305206c885e3779b5b43c2140b5b02e0752dbd530f0d356142bbec63129daa694f0c00a72e7e6173,70c338f12c0492e8867b54c76b091639c0defcd8348c9496978cc04ca0d758c8,896989577
bat,0.26.1,arm64,gnu,"https://github.com/sharkdp/bat/releases/download/v0.26.1/bat-v0.26.1-aarch64-unknown-linux-gnu.tar.gz",tar.gz,2026-05-17T15:13:22Z,OK,3345545,ca84b20a302bbb91f9114be80391d041,22995e96e57783d74dc70ff17d17bf0838879a65,422eb73e11c854fddd99f5ca8461c2f1d6e6dce0a2a8c3d5daade5ffcb6564aa,fbc805f5f40146af84540d3db481b36c8ff556f423c332e998ddad743cb9fa77b21a623389b11f37eb88e034cca668ded5a790400e5860812ecfed568552bdd5,0c772699081ad52ebaa73e472652eabcbc9fe6d2ca87c6f51b0740affd69b76d7ad215c30c4e123ea45a4c382a5d0fcff5dd991b46680ba5122b167ce5cfe7f0,7676a63bc601fa39d7911534c920331a983fea16f2cd2e4681f435be77ceded2,3008994684
bat,0.26.1,arm64,musl,"https://github.com/sharkdp/bat/releases/download/v0.26.1/bat-v0.26.1-aarch64-unknown-linux-gnu.tar.gz",tar.gz,2026-05-17T15:13:22Z,OK,3345545,ca84b20a302bbb91f9114be80391d041,22995e96e57783d74dc70ff17d17bf0838879a65,422eb73e11c854fddd99f5ca8461c2f1d6e6dce0a2a8c3d5daade5ffcb6564aa,fbc805f5f40146af84540d3db481b36c8ff556f423c332e998ddad743cb9fa77b21a623389b11f37eb88e034cca668ded5a790400e5860812ecfed568552bdd5,0c772699081ad52ebaa73e472652eabcbc9fe6d2ca87c6f51b0740affd69b76d7ad215c30c4e123ea45a4c382a5d0fcff5dd991b46680ba5122b167ce5cfe7f0,7676a63bc601fa39d7911534c920331a983fea16f2cd2e4681f435be77ceded2,3008994684
cheat,5.1.0,amd64,gnu,"https://github.com/cheat/cheat/releases/download/5.1.0/cheat-linux-amd64.gz",gz,2026-05-17T15:13:22Z,OK,5010464,2967df91d2ba0bc33267836e07047a7e,131d0c1c42d8ba26c8f4c70156eb7653d3f90f4d,8c8405574d51d63ee89594bfed241f478d507d96af78e5c370dcbe65633d7b34,b6172f0e76257583e2c3b1f46c1be6a155294b3b7b2be3035debd656665f41f1d21a0e8d68bf3fddfebe722510541e3b7c01c4075298e5ff34459d88e0543d4f,eb5a84f4ce48e2e512a5b48a1a60bfec15e5807105ba8fac086f29f7d592e11f111035b17be82bf79feed618bf506cb226fad803998e3d45f830597a6f004765,d972196da87a65d123a091ea2c03e24dc5a37d9a118289159938c0f42c1ee233,4001758466
cheat,5.1.0,amd64,musl,"https://github.com/cheat/cheat/releases/download/5.1.0/cheat-linux-amd64.gz",gz,2026-05-17T15:13:22Z,OK,5010464,2967df91d2ba0bc33267836e07047a7e,131d0c1c42d8ba26c8f4c70156eb7653d3f90f4d,8c8405574d51d63ee89594bfed241f478d507d96af78e5c370dcbe65633d7b34,b6172f0e76257583e2c3b1f46c1be6a155294b3b7b2be3035debd656665f41f1d21a0e8d68bf3fddfebe722510541e3b7c01c4075298e5ff34459d88e0543d4f,eb5a84f4ce48e2e512a5b48a1a60bfec15e5807105ba8fac086f29f7d592e11f111035b17be82bf79feed618bf506cb226fad803998e3d45f830597a6f004765,d972196da87a65d123a091ea2c03e24dc5a37d9a118289159938c0f42c1ee233,4001758466
cheat,5.1.0,arm64,gnu,"https://github.com/cheat/cheat/releases/download/5.1.0/cheat-linux-arm64.gz",gz,2026-05-17T15:13:22Z,OK,4536258,0e94c2d8db453b787dfd70ba9efc3100,d503f1eeda9d2f3a86a28c0a469a5f24af7f4f8d,78fd70fedd7c2cd297af827c29c495c8f6d2b9a880739450ac13e18eefa2f17b,0f492af6307394388edee38a4fca7568175dd916095db1c9cc3773750427a5439659a5f35583e688fb662731ffbc5de29e60c911dc642e21b8a561569f403928,1214cd98c50679d774249d46584b8c14d19931d840c5035e0f14943e2de938c563ef01df327a8885efa2285c55679595b7648ff014c1a684eef6b929365fc507,a1503f8a4d2ab3964e82e9e4d364e1cf8076fe09661689b8672c483cc6d17dc3,4030753535
cheat,5.1.0,arm64,musl,"https://github.com/cheat/cheat/releases/download/5.1.0/cheat-linux-arm64.gz",gz,2026-05-17T15:13:22Z,OK,4536258,0e94c2d8db453b787dfd70ba9efc3100,d503f1eeda9d2f3a86a28c0a469a5f24af7f4f8d,78fd70fedd7c2cd297af827c29c495c8f6d2b9a880739450ac13e18eefa2f17b,0f492af6307394388edee38a4fca7568175dd916095db1c9cc3773750427a5439659a5f35583e688fb662731ffbc5de29e60c911dc642e21b8a561569f403928,1214cd98c50679d774249d46584b8c14d19931d840c5035e0f14943e2de938c563ef01df327a8885efa2285c55679595b7648ff014c1a684eef6b929365fc507,a1503f8a4d2ab3964e82e9e4d364e1cf8076fe09661689b8672c483cc6d17dc3,4030753535
delta,0.19.2,amd64,gnu,"https://github.com/dandavison/delta/releases/download/0.19.2/delta-0.19.2-x86_64-unknown-linux-gnu.tar.gz",tar.gz,2026-05-17T15:13:22Z,OK,3337309,c4173e3cb52b89aba915039f62bac80d,4179919bff0b30f67666ff26349c04d0bcb1766b,8e695c5f586a8c53d6c3b01be0b4a422ed218bfed2a56191caebe373a1c18ab2,bd4352df82341d4af127659fca4d1331519d504ef292311457b20e5fa9de76876512af7e583cd03ceccd8a2713f923b65c6a78d9e95b21d39b7f8dfae06347bc,647f5ef5bd76c017ace514e731b1931de3bdf4b9959ea7c706dcb26387acd5015f01c9bf0c9d6d26f143b292c5f9c7154022dadbf416538d7ab65930f10220b4,81c660d2b5646cf497e932151522a6226e5ed8c0dd22fae9541a9217fa45e66e,1405615597
delta,0.19.2,amd64,musl,"https://github.com/dandavison/delta/releases/download/0.19.2/delta-0.19.2-x86_64-unknown-linux-musl.tar.gz",tar.gz,2026-05-17T15:13:22Z,OK,3403232,0c062672449c4d1e93b8aa1f3680f652,ee19506b20bcc8dac55b16ded460bfe98dcc2438,f1ea01ca7728ce3462debc359f39dfc7cbbc1a63224b71fefabf92042864aa1b,b9c847f7bca0216b9973f4a7575b9afe91a38aee776632da932a0854317d5c241ed566e2409c5e4de15bbf45836eaef6dc31aa61720c9bb4d3c92966d86d84d3,a21d33f094d084e91f24d2c362583b9d08e8e3ba5130027153b63080ad6f9f510114ef93421f432f0af3c389aa2a2d3a73f9ae4ba57acbb811809fce2b435b49,206c2b72d2a3563ae242f03db4f13480ce9bd0341bf5a1b7a77da532f431ecec,4141522473
delta,0.19.2,arm64,gnu,"https://github.com/dandavison/delta/releases/download/0.19.2/delta-0.19.2-aarch64-unknown-linux-gnu.tar.gz",tar.gz,2026-05-17T15:13:22Z,OK,3166854,ad5ac8eb21aea06008f60106be6b2c18,c0d8bd1b6039c358a7dab8f70cc91508d8ed3ed9,0bfce159a5cddd5feb3d6db4a616d883ff51253ce08ac7ec11cb1d208cfaab9e,d968be3c19cd085fede1a75b7d4d7c20e993339b495740587e9f9e3bd635e5f68f5429ff939da02eabf1f3dc2cbd7d8a2318f0179de26e8bd699b416b01679c8,dfe41190c130f8c7eaf7d953574c0abeb9928498c3f3b3ee71ae928ee63da0b29b983cd2ce03e35dca19bfaa623b366f0d40e893e63323c47052b7e54ec9fbe4,1fe6af9f57dd38dd64bf0015f0049e870ef99b14baac23cf7e16d5b71ffedc9b,4001747463
delta,0.19.2,arm64,musl,"https://github.com/dandavison/delta/releases/download/0.19.2/delta-0.19.2-aarch64-unknown-linux-gnu.tar.gz",tar.gz,2026-05-17T15:13:22Z,OK,3166854,ad5ac8eb21aea06008f60106be6b2c18,c0d8bd1b6039c358a7dab8f70cc91508d8ed3ed9,0bfce159a5cddd5feb3d6db4a616d883ff51253ce08ac7ec11cb1d208cfaab9e,d968be3c19cd085fede1a75b7d4d7c20e993339b495740587e9f9e3bd635e5f68f5429ff939da02eabf1f3dc2cbd7d8a2318f0179de26e8bd699b416b01679c8,dfe41190c130f8c7eaf7d953574c0abeb9928498c3f3b3ee71ae928ee63da0b29b983cd2ce03e35dca19bfaa623b366f0d40e893e63323c47052b7e54ec9fbe4,1fe6af9f57dd38dd64bf0015f0049e870ef99b14baac23cf7e16d5b71ffedc9b,4001747463
eza,0.23.4,amd64,gnu,"https://github.com/eza-community/eza/releases/download/v0.23.4/eza_x86_64-unknown-linux-gnu.tar.gz",tar.gz,2026-05-17T15:13:22Z,OK,1050865,c6a4320f8f0d8560455e8c4c4e8061d2,a935a498d89246acb0752c2fe2d1c0910db4dc0e,0c38665440226cd8bef5d1d4f3bc6ff77c927fb0d68b752739105db7ab5b358d,116f10e268d493a936d411a5e3b2658e21cb31124946015f9e5884dd7f23498abd2edb3da285effb128afa23fd9d19e0d424461a3c1c35bd3c7ad6aa72a6615e,bc1fd822bfc1666f7762ee88991ca49d5e0d506501f67e80b7ad6843392228d39cad976140ae2c21bb8344695fa296061488c8d4ef4003cd6a198a571cfa2d2b,00f5d902dc6aab24f0d7092fc45221b0eefde07c580700276c9b8787fa45a05b,2082250450
eza,0.23.4,amd64,musl,"https://github.com/eza-community/eza/releases/download/v0.23.4/eza_x86_64-unknown-linux-musl.tar.gz",tar.gz,2026-05-17T15:13:22Z,OK,1221082,418bc5feffa98c3e570362bbb53b5a67,096a51d7e372b9dbd9e40376b67ef231a4784ce9,d231bb3ee33b08c76279b5888845dceb7034d055c42bb9be46dbe0dae39394df,e750e4d320173f759b82d64a1c7c3bdb3872dfedb4d083b22f8b20928a8cc81221f37dba052cde78de28f1cbb69c00d06e508bf4129193fd4ed0ddc83adea0f6,da77ffb18a81c891cde0e76f6238cbd8def75fa1006afe334076b2db2ab2dd3f61fd75bc81152c74697788223f60cd022b8e969aaaa2375de0e7cd9730ddccc2,21991aff3dbcd376efdcb98bc58a8b4a79c30889f079381e48661d85ef9074ab,1829186122
eza,0.23.4,arm64,gnu,"https://github.com/eza-community/eza/releases/download/v0.23.4/eza_aarch64-unknown-linux-gnu.tar.gz",tar.gz,2026-05-17T15:13:22Z,OK,964411,328cfe3518e6044037f87451cbabfd3c,4ec6a61a861f4b45d80a56f6acccc3d7303c4e3a,366e8430225f9955c3dc659b452150c169894833ccfef455e01765e265a3edda,ebbad7ada865c707357dadc3b0fcdd7963be8491498098112e9eed1957cf14654318f90fe7229a8a88044b8c26730dd28981132501803656509bc51e8263da4c,442b9c5fcafc512f1d3bbaf0566c7adeb41aaa9fbae207884622e042ca417ebb47fc7233550c5b93afe8050a29146606886322746c0bd0d2ec8d82ffafa42116,5299fa2c95b289c7f19af936b94b90e122f6dbb89e43e83a25cebc5cf2298c54,3881406872
eza,0.23.4,arm64,musl,"https://github.com/eza-community/eza/releases/download/v0.23.4/eza_aarch64-unknown-linux-gnu.tar.gz",tar.gz,2026-05-17T15:13:22Z,OK,964411,328cfe3518e6044037f87451cbabfd3c,4ec6a61a861f4b45d80a56f6acccc3d7303c4e3a,366e8430225f9955c3dc659b452150c169894833ccfef455e01765e265a3edda,ebbad7ada865c707357dadc3b0fcdd7963be8491498098112e9eed1957cf14654318f90fe7229a8a88044b8c26730dd28981132501803656509bc51e8263da4c,442b9c5fcafc512f1d3bbaf0566c7adeb41aaa9fbae207884622e042ca417ebb47fc7233550c5b93afe8050a29146606886322746c0bd0d2ec8d82ffafa42116,5299fa2c95b289c7f19af936b94b90e122f6dbb89e43e83a25cebc5cf2298c54,3881406872
fd,10.4.2,amd64,gnu,"https://github.com/sharkdp/fd/releases/download/v10.4.2/fd-v10.4.2-x86_64-unknown-linux-gnu.tar.gz",tar.gz,2026-05-17T15:13:22Z,OK,1700779,3e083614d79ebdb359d2f09ff2b78375,c72f25b917763338aec268b23b99f5f21a40ad0e,def59805cd14b5651b68990855f426ad087f3b96881296d963910431ba3143c8,99137cdc42eb40efc29a3266918fbc7971d3bf64906271c2daf5ada70d657a56fd5dd65863275497c54bae38a5eedf4cb163a2787d7a837a2195e8a6a9498ab1,017be17c89f5e5074843593733c363aaabf0304ac5214f2395fd01d01f71a2031bbc9e11d299f81625ff198e13fce3c1fe37487ba3ac1cac5a90ae16340deb16,74344d5035932353a32041c32d93dd4e040a1792a5a16c94b41c5204d42a7cf1,2270816503
fd,10.4.2,amd64,musl,"https://github.com/sharkdp/fd/releases/download/v10.4.2/fd-v10.4.2-x86_64-unknown-linux-musl.tar.gz",tar.gz,2026-05-17T15:13:22Z,OK,1754511,8c450b60ae7924dbb0bbb15365ab19ce,1c9b0743b9f541cec9eec372bdf110721c6403c3,e3257d48e29a6be965187dbd24ce9af564e0fe67b3e73c9bdcd180f4ec11bdde,9ca6ea369ded380edbb7ad706e034d77da3d66661ec5dd1ea7d3992ec54be854a3de84535ace03cb4f6a01751ec5c1b24e36427d14b60503abe51597c39c44af,d63789d1831f510c2be848f5998516faad02dd1c67f6b1c7733d246dfd14114179bdeb5b9cd400b87be5d1f3b38a312c43406cbf3c6d84bb2ff38a1b7454f9f3,0dedfeb8b2497dac173bd290e54cbc6209d24b2b8534bc7ea982a48834cc59e9,3665820509
fd,10.4.2,arm64,gnu,"https://github.com/sharkdp/fd/releases/download/v10.4.2/fd-v10.4.2-aarch64-unknown-linux-gnu.tar.gz",tar.gz,2026-05-17T15:13:22Z,OK,1559490,188466844e77ecc91c39d98800e0179c,92a6af84c29a29d0108691b4ef1dfd802d41c96b,6c51f7c5446b3338b1e401ff15dc194c590bb2fa64fd43ff3278300f073adec5,96229ced8ee9b59b5f2e7fa15c3e0014d6009a6ce4f91abf5058981be512e1fefc803a46ab6a8db250f32bcd0eb97e1c70ca3f38e685476e782ce797d2a9099b,7d2a6acff7fe4e66a09a6cb1fbd8cfa592d052fccffa86b33370da9affee2587f35c1b2e79dfad95d74242994f6562eb3a810b4ae57315d484d5bc55a74ee55d,7b72fcb44635fa7c93a9527c67ecab99b87a62b9183a49962f93b951775c8317,2500240470
fd,10.4.2,arm64,musl,"https://github.com/sharkdp/fd/releases/download/v10.4.2/fd-v10.4.2-aarch64-unknown-linux-gnu.tar.gz",tar.gz,2026-05-17T15:13:22Z,OK,1559490,188466844e77ecc91c39d98800e0179c,92a6af84c29a29d0108691b4ef1dfd802d41c96b,6c51f7c5446b3338b1e401ff15dc194c590bb2fa64fd43ff3278300f073adec5,96229ced8ee9b59b5f2e7fa15c3e0014d6009a6ce4f91abf5058981be512e1fefc803a46ab6a8db250f32bcd0eb97e1c70ca3f38e685476e782ce797d2a9099b,7d2a6acff7fe4e66a09a6cb1fbd8cfa592d052fccffa86b33370da9affee2587f35c1b2e79dfad95d74242994f6562eb3a810b4ae57315d484d5bc55a74ee55d,7b72fcb44635fa7c93a9527c67ecab99b87a62b9183a49962f93b951775c8317,2500240470
fish,4.7.1,amd64,gnu,"https://github.com/fish-shell/fish-shell/releases/download/4.7.1/fish-4.7.1-linux-x86_64.tar.xz",tar.xz,2026-05-17T15:13:22Z,OK,3147932,4d459c57241af4b33fe2f810773cf456,39d7f36eafb81dcb8a9091958240cca10cad6425,345388add316b94a847b08cef01f1b46e85b98215328271ee22a21555a3204df,989ec228b1a9e9a87beaad5ce9de251927d3b87acd58882487d31a868dc5114fb106cc61fa68ee0e8bb3b62871088f28641b037f5f41c47c97139a1cf50c5fb9,a33a373d0afd3dd41ba510fb4a95c748f6ec67f09a478942588d0fb7ff54bbfdba1dbbfb5dd84d7650b2a08eadebed1b06a4e6a7a29c6fb9cc01c74361317c50,15a2c5ba809b61a245f762f6aa491bf3b7f047cd64cbc82d0e95b1fcb841815d,853335559
fish,4.7.1,amd64,musl,"https://github.com/fish-shell/fish-shell/releases/download/4.7.1/fish-4.7.1-linux-x86_64.tar.xz",tar.xz,2026-05-17T15:13:22Z,OK,3147932,4d459c57241af4b33fe2f810773cf456,39d7f36eafb81dcb8a9091958240cca10cad6425,345388add316b94a847b08cef01f1b46e85b98215328271ee22a21555a3204df,989ec228b1a9e9a87beaad5ce9de251927d3b87acd58882487d31a868dc5114fb106cc61fa68ee0e8bb3b62871088f28641b037f5f41c47c97139a1cf50c5fb9,a33a373d0afd3dd41ba510fb4a95c748f6ec67f09a478942588d0fb7ff54bbfdba1dbbfb5dd84d7650b2a08eadebed1b06a4e6a7a29c6fb9cc01c74361317c50,15a2c5ba809b61a245f762f6aa491bf3b7f047cd64cbc82d0e95b1fcb841815d,853335559
fish,4.7.1,arm64,gnu,"https://github.com/fish-shell/fish-shell/releases/download/4.7.1/fish-4.7.1-linux-aarch64.tar.xz",tar.xz,2026-05-17T15:13:22Z,OK,2851732,a4c0183b25285097cd57f330bb5e9f6a,aed0060bd916c5a74c116ff14a7c43a276d542c4,72957265b8629fbb3cdb215260c302f6154403dbaf35d38103aac6af689fb7f6,ef0838609e46a74a2d2139ba2c345b8aa485e0e2ab12742bcb28884412f8a57d7e19ad62e02c6e7ded9d98a2dd604b9b87c0702552225812df04d6b57d652513,01e2fae42e0bb51921a636083e21faf7e368cd6cf063cd91eb0166e7b84f5e747207b54f2bc4e947eef716584d4de1ec5afcf186214af41427d85860bb9076e5,9429abc16d67cfaf4086becc5500c440361c0f38dcce0b550fff1c4450bab77a,2290340177
fish,4.7.1,arm64,musl,"https://github.com/fish-shell/fish-shell/releases/download/4.7.1/fish-4.7.1-linux-aarch64.tar.xz",tar.xz,2026-05-17T15:13:22Z,OK,2851732,a4c0183b25285097cd57f330bb5e9f6a,aed0060bd916c5a74c116ff14a7c43a276d542c4,72957265b8629fbb3cdb215260c302f6154403dbaf35d38103aac6af689fb7f6,ef0838609e46a74a2d2139ba2c345b8aa485e0e2ab12742bcb28884412f8a57d7e19ad62e02c6e7ded9d98a2dd604b9b87c0702552225812df04d6b57d652513,01e2fae42e0bb51921a636083e21faf7e368cd6cf063cd91eb0166e7b84f5e747207b54f2bc4e947eef716584d4de1ec5afcf186214af41427d85860bb9076e5,9429abc16d67cfaf4086becc5500c440361c0f38dcce0b550fff1c4450bab77a,2290340177
fzf,0.72.0,amd64,gnu,"https://github.com/junegunn/fzf/releases/download/v0.72.0/fzf-0.72.0-linux_amd64.tar.gz",tar.gz,2026-05-17T15:13:22Z,OK,1845173,1d5244f4c94e9d10fa20a00bb010746a,c341109b16444dd5c4a7baf5d1b8e0564f991219,0e58e4bd0b3c5d68c56b54c460a6863d0de79633ed18d388575a960ab447b006,b329271d72c6d99e021291ca3d48cc74d1b539cbfcf8ec0fc09a83ffbb6c62ed84d8ec22c73fd11adc7f936fc8fd0d98d28078ddebfbe39d7fc501e417406bc3,e52f31cf6e92e28a7b6dcc9cfd9d7b4f6326d6d6bde6c6afd31e0b0f78adbe263948de13af34b3a64997a926d297e9da1b5852bfea2e894ce4a2f2a9f3690e74,709c9b3924301cd47658476d6f25772b83c578b1e08092b73d253db1dc094dc3,2157347480
fzf,0.72.0,amd64,musl,"https://github.com/junegunn/fzf/releases/download/v0.72.0/fzf-0.72.0-linux_amd64.tar.gz",tar.gz,2026-05-17T15:13:22Z,OK,1845173,1d5244f4c94e9d10fa20a00bb010746a,c341109b16444dd5c4a7baf5d1b8e0564f991219,0e58e4bd0b3c5d68c56b54c460a6863d0de79633ed18d388575a960ab447b006,b329271d72c6d99e021291ca3d48cc74d1b539cbfcf8ec0fc09a83ffbb6c62ed84d8ec22c73fd11adc7f936fc8fd0d98d28078ddebfbe39d7fc501e417406bc3,e52f31cf6e92e28a7b6dcc9cfd9d7b4f6326d6d6bde6c6afd31e0b0f78adbe263948de13af34b3a64997a926d297e9da1b5852bfea2e894ce4a2f2a9f3690e74,709c9b3924301cd47658476d6f25772b83c578b1e08092b73d253db1dc094dc3,2157347480
fzf,0.72.0,arm64,gnu,"https://github.com/junegunn/fzf/releases/download/v0.72.0/fzf-0.72.0-linux_arm64.tar.gz",tar.gz,2026-05-17T15:13:22Z,OK,1720819,6367e5a5f32170962b567b676c4ad7bc,e4dc2deca271a840c7e9730064d3c581eade35fa,a0a5b50730f568c5f08b8dbba1e6e598db253e1856d371290086786b889b996b,47bbfb7774ddcccc24c735fdc9b38261ff0ecf55d00471f0408636ba126fa7f1b06e2573fcac53f6c643eeb826c44c0b4bc7714d03549f2f702c7580cd225679,7f46fa89ee4d8621837172c5daa2e080fc8db35a13f2d8da0f465d23f355e1f972d97d73d11b368eec3bf563c8b722d31abdb8d262947b592c87180851e2af51,38a575f05c2d9a69e028384b119e550115e942897d9046dea75f4a1c0c34e4a7,579294818
fzf,0.72.0,arm64,musl,"https://github.com/junegunn/fzf/releases/download/v0.72.0/fzf-0.72.0-linux_arm64.tar.gz",tar.gz,2026-05-17T15:13:22Z,OK,1720819,6367e5a5f32170962b567b676c4ad7bc,e4dc2deca271a840c7e9730064d3c581eade35fa,a0a5b50730f568c5f08b8dbba1e6e598db253e1856d371290086786b889b996b,47bbfb7774ddcccc24c735fdc9b38261ff0ecf55d00471f0408636ba126fa7f1b06e2573fcac53f6c643eeb826c44c0b4bc7714d03549f2f702c7580cd225679,7f46fa89ee4d8621837172c5daa2e080fc8db35a13f2d8da0f465d23f355e1f972d97d73d11b368eec3bf563c8b722d31abdb8d262947b592c87180851e2af51,38a575f05c2d9a69e028384b119e550115e942897d9046dea75f4a1c0c34e4a7,579294818
gh,2.92.0,amd64,gnu,"https://github.com/cli/cli/releases/download/v2.92.0/gh_2.92.0_linux_amd64.tar.gz",tar.gz,2026-05-17T15:13:22Z,OK,14296784,c64e47f6b2f52a1ec832dde676f80904,be2cc6318e5abd687ce987e59266568b1f7e45bd,b57848131bdf0c229cd35e1f2a51aa718199858b2e728410b37e89a428943ec4,7f5e6379e0092c883d5666a57a63106db33e074a5e62693463172e7bc15c8be56f7b7f5a45c18261a9d26c3cf70a2f2128708b5354d0fbc250b1331bf3d9f460,1960b73682301b5a2ea729c7e93e83b01e57304401d0f5c94e523412e82a578ddb40416ce652952d0c7ebf0d4c85e25e65bf05cd3ae77e1cebca219d2723df84,3946dd6596d9c17f53c314cf6c2282a9c380ad2e72a0695e5b51af8cc0382f16,1172491957
gh,2.92.0,amd64,musl,"https://github.com/cli/cli/releases/download/v2.92.0/gh_2.92.0_linux_amd64.tar.gz",tar.gz,2026-05-17T15:13:22Z,OK,14296784,c64e47f6b2f52a1ec832dde676f80904,be2cc6318e5abd687ce987e59266568b1f7e45bd,b57848131bdf0c229cd35e1f2a51aa718199858b2e728410b37e89a428943ec4,7f5e6379e0092c883d5666a57a63106db33e074a5e62693463172e7bc15c8be56f7b7f5a45c18261a9d26c3cf70a2f2128708b5354d0fbc250b1331bf3d9f460,1960b73682301b5a2ea729c7e93e83b01e57304401d0f5c94e523412e82a578ddb40416ce652952d0c7ebf0d4c85e25e65bf05cd3ae77e1cebca219d2723df84,3946dd6596d9c17f53c314cf6c2282a9c380ad2e72a0695e5b51af8cc0382f16,1172491957
gh,2.92.0,arm64,gnu,"https://github.com/cli/cli/releases/download/v2.92.0/gh_2.92.0_linux_arm64.tar.gz",tar.gz,2026-05-17T15:13:22Z,OK,13002970,98841dea3d0cfb1b93fe3068a49a2114,226f555044e93c734adb0eff673520ac2c7a4dd9,c2248526dd0160c08d3fccca2332c3c1a07c15a78b23978e77735f1b5a18cfee,73dd731d8b539d03b5cc70679886adce2b4aa1879479c8e780a369ec444b17e78882148493bc548e9ace4bcef59cd8c2e5fc557604e464f4bd818881662414c9,c29dff134ca70c678cdfd41f778ece58a5e6a0cd1ba79142e8d7d780d38086b6baa773c1918ad1e15d3029a15603de915aaf5b0ed6fa160f27be7ffdc63ec55d,63e5cbae9d50559e212f647bcc162d393e5d2fa00d0ea627958c03854f40a680,3910926850
gh,2.92.0,arm64,musl,"https://github.com/cli/cli/releases/download/v2.92.0/gh_2.92.0_linux_arm64.tar.gz",tar.gz,2026-05-17T15:13:22Z,OK,13002970,98841dea3d0cfb1b93fe3068a49a2114,226f555044e93c734adb0eff673520ac2c7a4dd9,c2248526dd0160c08d3fccca2332c3c1a07c15a78b23978e77735f1b5a18cfee,73dd731d8b539d03b5cc70679886adce2b4aa1879479c8e780a369ec444b17e78882148493bc548e9ace4bcef59cd8c2e5fc557604e464f4bd818881662414c9,c29dff134ca70c678cdfd41f778ece58a5e6a0cd1ba79142e8d7d780d38086b6baa773c1918ad1e15d3029a15603de915aaf5b0ed6fa160f27be7ffdc63ec55d,63e5cbae9d50559e212f647bcc162d393e5d2fa00d0ea627958c03854f40a680,3910926850
gopass,1.16.1,amd64,gnu,"https://github.com/gopasspw/gopass/releases/download/v1.16.1/gopass-1.16.1-linux-amd64.tar.gz",tar.gz,2026-05-17T15:13:22Z,OK,7836626,37a16e0dee5ecd74ebfa5a32d108387c,2d99a1e36d12220be95c1aaaa47b48e38c4bf413,be77309ba4491cedfb847155380fc04c3f356231d368721ee3c69b77ab0c0eb7,348679079e8d53f43490b63c57d1fa83a872ed1535855632c430fa9084473539f2100df062301e4644086c6b862a7539e2fab767555396eb019532da094f1686,f2715b4266d266aef0557d06e1a1c6e14e1852cdfb244176aeb52fd958d07acb3a6c15aa52f5547dc02208b9524d134b8812587127b0a5d33fd6397efbe2e630,da4aabab35c68a4155ac8842f3c6b9abbf823a6467b3af5ceb9e693ee15d1197,1397975899
gopass,1.16.1,amd64,musl,"https://github.com/gopasspw/gopass/releases/download/v1.16.1/gopass-1.16.1-linux-amd64.tar.gz",tar.gz,2026-05-17T15:13:22Z,OK,7836626,37a16e0dee5ecd74ebfa5a32d108387c,2d99a1e36d12220be95c1aaaa47b48e38c4bf413,be77309ba4491cedfb847155380fc04c3f356231d368721ee3c69b77ab0c0eb7,348679079e8d53f43490b63c57d1fa83a872ed1535855632c430fa9084473539f2100df062301e4644086c6b862a7539e2fab767555396eb019532da094f1686,f2715b4266d266aef0557d06e1a1c6e14e1852cdfb244176aeb52fd958d07acb3a6c15aa52f5547dc02208b9524d134b8812587127b0a5d33fd6397efbe2e630,da4aabab35c68a4155ac8842f3c6b9abbf823a6467b3af5ceb9e693ee15d1197,1397975899
gopass,1.16.1,arm64,gnu,"https://github.com/gopasspw/gopass/releases/download/v1.16.1/gopass-1.16.1-linux-arm64.tar.gz",tar.gz,2026-05-17T15:13:22Z,OK,7117532,b7ed4b466f69b394ed799d364a754f32,2776020fad30d99794bc3b94edaca18503b29af8,99d66e7cd937f47bf858c238c2cb912a36beb7312b6c52fa65f8a29278dd800d,a67efc293dba395c7334beee997329d2ec778f1451a3b9045697d2e19a80b5b1bcf828a9aeb8d6432aeaceeffe8d55e9b6e276a1ad2f68c737109e95ac25f00e,0db53c8ecf05524d6a0d24d0b6017cfc1a3d48141c23796c244ded72b820d91c7723e7db4dd56c3aa48eec981e611a44dc78257cd1f0f9654788831d9665bd08,0c163b091feb2511cfdf22ebcc3bd4bc77214aa58020570bcaa577a6375907c9,977278138
gopass,1.16.1,arm64,musl,"https://github.com/gopasspw/gopass/releases/download/v1.16.1/gopass-1.16.1-linux-arm64.tar.gz",tar.gz,2026-05-17T15:13:22Z,OK,7117532,b7ed4b466f69b394ed799d364a754f32,2776020fad30d99794bc3b94edaca18503b29af8,99d66e7cd937f47bf858c238c2cb912a36beb7312b6c52fa65f8a29278dd800d,a67efc293dba395c7334beee997329d2ec778f1451a3b9045697d2e19a80b5b1bcf828a9aeb8d6432aeaceeffe8d55e9b6e276a1ad2f68c737109e95ac25f00e,0db53c8ecf05524d6a0d24d0b6017cfc1a3d48141c23796c244ded72b820d91c7723e7db4dd56c3aa48eec981e611a44dc78257cd1f0f9654788831d9665bd08,0c163b091feb2511cfdf22ebcc3bd4bc77214aa58020570bcaa577a6375907c9,977278138
gron,0.7.1,amd64,gnu,"https://github.com/tomnomnom/gron/releases/download/v0.7.1/gron-linux-amd64-0.7.1.tgz",tar.gz,2026-05-17T15:13:22Z,OK,4052281,04dec7e292e23e85227ca67d57a94567,8678dae29ab1396264517088805af759ab147bf6,ca0335826b02b044fa05d7e951521e45c6ced1c381a73ed5803450088e18bf22,a707e6a7f241f7495809cd4be8f47c961c51a4824a8cce9c6be7589198c09ba54520d7a42e9ab9ac3a754e59f00e87fb790b94ef903fbe58a107561b97218364,2b4b042e0a8f7550f5ba33b2490826904c0c31027ba963baabab7cbf5447afd5b15832c5a7926c34569e5f3aad3fba05ee4c5e50878f7165247db60f1614678e,8457973ab5fbc49c7aaed4f6fc5c228193547cc3c376a0c8b1166b71abc4f473,3198579372
gron,0.7.1,amd64,musl,"https://github.com/tomnomnom/gron/releases/download/v0.7.1/gron-linux-amd64-0.7.1.tgz",tar.gz,2026-05-17T15:13:22Z,OK,4052281,04dec7e292e23e85227ca67d57a94567,8678dae29ab1396264517088805af759ab147bf6,ca0335826b02b044fa05d7e951521e45c6ced1c381a73ed5803450088e18bf22,a707e6a7f241f7495809cd4be8f47c961c51a4824a8cce9c6be7589198c09ba54520d7a42e9ab9ac3a754e59f00e87fb790b94ef903fbe58a107561b97218364,2b4b042e0a8f7550f5ba33b2490826904c0c31027ba963baabab7cbf5447afd5b15832c5a7926c34569e5f3aad3fba05ee4c5e50878f7165247db60f1614678e,8457973ab5fbc49c7aaed4f6fc5c228193547cc3c376a0c8b1166b71abc4f473,3198579372
gron,0.7.1,arm64,gnu,"https://github.com/tomnomnom/gron/releases/download/v0.7.1/gron-linux-arm64-0.7.1.tgz",tar.gz,2026-05-17T15:13:22Z,OK,3771848,493f159deb56ea5c7882a9cc7caa9992,a2ddbc2e3ab858b779a40bde5a9025b65eb93c74,5d1d4764723a0f768d9ddef0685a052f564c8bbf5e475382342faf4224a07d80,8010d276dae57a0efec2e526f2d3799f3014dd92fad05b5fecdd3c2bc25d641a3275b29f1f58e2ec69386ffb5ed51ae37be2c8eaaff9abb190eb8c7850081080,9fbbddf0d46b459987e5e37a270437a7527e681ac699caa6315713679f435451bda36625c0c1d15b0daea9a4e5811402d7adbdb2aef2917708cd4d1b6c4d0bbc,9497e249a96dcaaf1a5873b8d7d27137f1190863295a3f16da1a5d0d7afce465,2759792458
gron,0.7.1,arm64,musl,"https://github.com/tomnomnom/gron/releases/download/v0.7.1/gron-linux-arm64-0.7.1.tgz",tar.gz,2026-05-17T15:13:22Z,OK,3771848,493f159deb56ea5c7882a9cc7caa9992,a2ddbc2e3ab858b779a40bde5a9025b65eb93c74,5d1d4764723a0f768d9ddef0685a052f564c8bbf5e475382342faf4224a07d80,8010d276dae57a0efec2e526f2d3799f3014dd92fad05b5fecdd3c2bc25d641a3275b29f1f58e2ec69386ffb5ed51ae37be2c8eaaff9abb190eb8c7850081080,9fbbddf0d46b459987e5e37a270437a7527e681ac699caa6315713679f435451bda36625c0c1d15b0daea9a4e5811402d7adbdb2aef2917708cd4d1b6c4d0bbc,9497e249a96dcaaf1a5873b8d7d27137f1190863295a3f16da1a5d0d7afce465,2759792458
helix,25.07.1,amd64,gnu,"https://github.com/helix-editor/helix/releases/download/25.07.1/helix-25.07.1-x86_64-linux.tar.xz",tar.xz,2026-05-17T15:13:22Z,OK,16636076,cac47ca26d69703b19bcb0502b89c23c,4dc0815db07ba562f0a317a16813cd0a5205694f,3f08e63ecd388fff657ad39722f88bb03dcf326f1f2da2700d99e1dc40ab2e8b,55d4a76bbe30c1782ea83d6a482d9984caa7aec97673ab2dde9f4e533f2b44b0e3cc85ba2ab030c52909ea6682c09f1fab7b7a4a86b63ac8a9d6abf282da110a,6178042de579bbcf5ad1f3a0bfd00895cf4c5833477e762536e42af83c85ed15574102fe596a6cc81a40157c2c1f03a8a57f69d9ef0b8215852b8415ccc4d82f,07bc48e4e146d2a3217f49105f4aa32fcb9026cc6e444f7aad5a2b15d473fe0c,1658410644
helix,25.07.1,arm64,gnu,"https://github.com/helix-editor/helix/releases/download/25.07.1/helix-25.07.1-aarch64-linux.tar.xz",tar.xz,2026-05-17T15:13:22Z,OK,15607936,eeca752aa4e938b4f7224ac0ed2be812,c2d2e6de18fcbdd2d04ac7c631e2d4c77b41363e,ce23fa8d395e633e3e54c052012f11965d91d8d5c2bfa659685f50430b4f8175,8d10cec8a5dcc5cfe34bba639b14c1f900e65c0b9e8cb4e8a94d04dff3128ff81bb469495f3cd5669d93fe1e13e3532fa17da706ddcc15f04b587cefa8329653,2036a43be2815a35ef2295347fe35e74f38023cb20a2029fbdce9c898beed120ba94019c84abeadb7a6a31fc52c06490ba06a8479e1381392802dbe8e1f341e7,6c2eee3a8601f308580a291f80e22a0cd95899ef217fd831cb2798f8188fd819,929606799
jq,1.8.1,amd64,gnu,"https://github.com/jqlang/jq/releases/download/jq-1.8.1/jq-linux-amd64",none,2026-05-17T15:13:22Z,OK,2255816,b3cb933bb73f2a2c7fefb362cc8eabfd,7b08d65411906b49c6cec023103b5874511a507f,020468de7539ce70ef1bceaf7cde2e8c4f2ca6c3afb84642aabc5c97d9fc2a0d,4fe084094351a27947fcad3f3fd9ce3e1a87adb9c12b623f3b12647a81d93918d058b296411a07022805641f855a4f68fa7f092e112c29058cb93bd8c67928c8,c32dd48176ba212705d91fad8783f1300bc50fe70f1fd59956d2c0202bed874482fe18cf32f360e40faf2a1def39c4ede67471314decb710da97a8aa163528ad,b0419e57743765a9682d7924816269862890716d7bd3c1b78b2a3dd1f311a7f9,2453573715
jq,1.8.1,amd64,musl,"https://github.com/jqlang/jq/releases/download/jq-1.8.1/jq-linux-amd64",none,2026-05-17T15:13:22Z,OK,2255816,b3cb933bb73f2a2c7fefb362cc8eabfd,7b08d65411906b49c6cec023103b5874511a507f,020468de7539ce70ef1bceaf7cde2e8c4f2ca6c3afb84642aabc5c97d9fc2a0d,4fe084094351a27947fcad3f3fd9ce3e1a87adb9c12b623f3b12647a81d93918d058b296411a07022805641f855a4f68fa7f092e112c29058cb93bd8c67928c8,c32dd48176ba212705d91fad8783f1300bc50fe70f1fd59956d2c0202bed874482fe18cf32f360e40faf2a1def39c4ede67471314decb710da97a8aa163528ad,b0419e57743765a9682d7924816269862890716d7bd3c1b78b2a3dd1f311a7f9,2453573715
jq,1.8.1,arm64,gnu,"https://github.com/jqlang/jq/releases/download/jq-1.8.1/jq-linux-arm64",none,2026-05-17T15:13:22Z,OK,1797872,50c61a2c9130a1e42de431f87490b210,113df9f3af61217c1c6b41dd9dbe5792be78ccd4,6bc62f25981328edd3cfcfe6fe51b073f2d7e7710d7ef7fcdac28d4e384fc3d4,b1cdef9b4165362ba17f66b3b59e0dcc3c6d96be66768f66cef2aa7224e06b50c6cdf40ce4d63272ed5ec2d4a8392ab28e5a154ecdfa5b27f6c521868342e57a,8ef4ed5017061b45149f24a36ede216d98164777e11ff9b852d34443ff7105788b285c8c3c3c15ef5a73b431938f8220f6f608b60b1fcae2fc1e42372147691c,4786647126a7ae8f1125c915e5e9460f5ce16c55c3b42100794e7971084fd805,1990944098
jq,1.8.1,arm64,musl,"https://github.com/jqlang/jq/releases/download/jq-1.8.1/jq-linux-arm64",none,2026-05-17T15:13:22Z,OK,1797872,50c61a2c9130a1e42de431f87490b210,113df9f3af61217c1c6b41dd9dbe5792be78ccd4,6bc62f25981328edd3cfcfe6fe51b073f2d7e7710d7ef7fcdac28d4e384fc3d4,b1cdef9b4165362ba17f66b3b59e0dcc3c6d96be66768f66cef2aa7224e06b50c6cdf40ce4d63272ed5ec2d4a8392ab28e5a154ecdfa5b27f6c521868342e57a,8ef4ed5017061b45149f24a36ede216d98164777e11ff9b852d34443ff7105788b285c8c3c3c15ef5a73b431938f8220f6f608b60b1fcae2fc1e42372147691c,4786647126a7ae8f1125c915e5e9460f5ce16c55c3b42100794e7971084fd805,1990944098
lazygit,0.61.1,amd64,gnu,"https://github.com/jesseduffield/lazygit/releases/download/v0.61.1/lazygit_0.61.1_linux_x86_64.tar.gz",tar.gz,2026-05-17T15:13:22Z,OK,6547048,4f3577f476e0b3dd29bf9f39d27c5e40,f806119ce619c4729a21ab617209cba6d975d786,1b91e660700f2332696726b635202576b543e2bc49b639830dccd26bc5160d5d,3ab98483563945e649d3621bbecae1413c84b03cb4b07273a66b7efe278739d47534a339ae1040992968ecc071b0f4ac54db080b10edc3901bcb6deeb27ae58d,16f147ea024b9561342614105b6e4adb1646fa862442c9070b0fe7b4edb48446a109dfd173386066c41b8fe3ffff981dbfa9b820cad6509df425e29f569363d1,66eb6cb38971f4855d19a0402f38862ab36511924c24379874d12f7ee9a6f665,2896325634
lazygit,0.61.1,amd64,musl,"https://github.com/jesseduffield/lazygit/releases/download/v0.61.1/lazygit_0.61.1_linux_x86_64.tar.gz",tar.gz,2026-05-17T15:13:22Z,OK,6547048,4f3577f476e0b3dd29bf9f39d27c5e40,f806119ce619c4729a21ab617209cba6d975d786,1b91e660700f2332696726b635202576b543e2bc49b639830dccd26bc5160d5d,3ab98483563945e649d3621bbecae1413c84b03cb4b07273a66b7efe278739d47534a339ae1040992968ecc071b0f4ac54db080b10edc3901bcb6deeb27ae58d,16f147ea024b9561342614105b6e4adb1646fa862442c9070b0fe7b4edb48446a109dfd173386066c41b8fe3ffff981dbfa9b820cad6509df425e29f569363d1,66eb6cb38971f4855d19a0402f38862ab36511924c24379874d12f7ee9a6f665,2896325634
lazygit,0.61.1,arm64,gnu,"https://github.com/jesseduffield/lazygit/releases/download/v0.61.1/lazygit_0.61.1_linux_arm64.tar.gz",tar.gz,2026-05-17T15:13:22Z,OK,5937624,29fd1379b56c08fa5a3c5bcd8bbfcd68,561def33eee1afb5bd08471e5662879e32971c02,20b1abb2bee5dfd46173b9047353eb678bc51a23839e821958d0b1863ab1655e,7155abb0779e6935a2a731219645ba01c2ec245d96ec2232a90a8fc2f68d2983b2c892c509ae74b2f5dbc90a82d29e2ba49631e159e0d4e4cf668f3667c74ffe,934b284b4799090cd5f0def0c7a4fd256c137dbd5b4f9629647e8556f8cdb002222408339a96b058233c3fc7b3c02c824c5367cab7a4471ed92be73d3b417979,46ec01dcb2a7c91d1a3d3ec4b1ca5d254702281174b46a96bc9460c355b18db8,554364866
lazygit,0.61.1,arm64,musl,"https://github.com/jesseduffield/lazygit/releases/download/v0.61.1/lazygit_0.61.1_linux_arm64.tar.gz",tar.gz,2026-05-17T15:13:22Z,OK,5937624,29fd1379b56c08fa5a3c5bcd8bbfcd68,561def33eee1afb5bd08471e5662879e32971c02,20b1abb2bee5dfd46173b9047353eb678bc51a23839e821958d0b1863ab1655e,7155abb0779e6935a2a731219645ba01c2ec245d96ec2232a90a8fc2f68d2983b2c892c509ae74b2f5dbc90a82d29e2ba49631e159e0d4e4cf668f3667c74ffe,934b284b4799090cd5f0def0c7a4fd256c137dbd5b4f9629647e8556f8cdb002222408339a96b058233c3fc7b3c02c824c5367cab7a4471ed92be73d3b417979,46ec01dcb2a7c91d1a3d3ec4b1ca5d254702281174b46a96bc9460c355b18db8,554364866
lnav,0.14.0,amd64,gnu,"https://github.com/tstack/lnav/releases/download/v0.14.0/lnav-0.14.0-linux-musl-x86_64.zip",zip,2026-05-17T15:13:22Z,OK,42330935,18a58355945ada41e54e4a007736ef93,a6fec357cbf1c8b45c4f1c1f28808f8ff5f5f41e,9d146d1da2af005a77920afff5da96d2ae0771ee25450b0954b27de95e7f0f57,8f77b669d7a3b331dafe20d1b2202bc4fd805c897e3d934fd4a7d5dbf272aecfb75b6fd5f7f5cdab260d7f8de0b8d289a8d54f34a59d1fceb0e8512135a12174,c01463c43a031903ace7eeb17ee1b5c6c5c7366d6ae327b91be9f1e45138017c9ff3298bb71a51563644e38cfe523cd0721307b5cbdd1113dad93802a969a38f,ec99f1d4372aca349a1ef104d0abc235b21af18d0d29bb623c8341ce838788b5,2748326935
lnav,0.14.0,amd64,musl,"https://github.com/tstack/lnav/releases/download/v0.14.0/lnav-0.14.0-linux-musl-x86_64.zip",zip,2026-05-17T15:13:22Z,OK,42330935,18a58355945ada41e54e4a007736ef93,a6fec357cbf1c8b45c4f1c1f28808f8ff5f5f41e,9d146d1da2af005a77920afff5da96d2ae0771ee25450b0954b27de95e7f0f57,8f77b669d7a3b331dafe20d1b2202bc4fd805c897e3d934fd4a7d5dbf272aecfb75b6fd5f7f5cdab260d7f8de0b8d289a8d54f34a59d1fceb0e8512135a12174,c01463c43a031903ace7eeb17ee1b5c6c5c7366d6ae327b91be9f1e45138017c9ff3298bb71a51563644e38cfe523cd0721307b5cbdd1113dad93802a969a38f,ec99f1d4372aca349a1ef104d0abc235b21af18d0d29bb623c8341ce838788b5,2748326935
lnav,0.14.0,arm64,gnu,"https://github.com/tstack/lnav/releases/download/v0.14.0/lnav-0.14.0-linux-musl-arm64.zip",zip,2026-05-17T15:13:22Z,OK,40048031,5979380f0262a090767d67a32b071398,1f63a12b2d4e3db723af24fa10292dd7cad9f6a8,027e9f540567cd0e9ba00335ab9be0275a414b14608e10d49dc2d6a2633aa546,864fd407bd7646b84c381d0e44c09d26897c3acf33c9d629de5d74a4bd9ab762503c40192fd41ff68f9c156a7a2900e08472528ca4a4f122bd8ab5794dffb083,0d88ca49410b81314c584ad5d964cde376f5cc7de32bdea9baec8118603e9b612e593ac1a2d3408ebcf939c4b11dc6f38f9da657d2fe74ffb7e3494c0252a332,7e4de419f57f6c557e436aa789dcbe6ff1ed4e40bff82ca8f1135e2d3a21672e,2590426400
lnav,0.14.0,arm64,musl,"https://github.com/tstack/lnav/releases/download/v0.14.0/lnav-0.14.0-linux-musl-arm64.zip",zip,2026-05-17T15:13:22Z,OK,40048031,5979380f0262a090767d67a32b071398,1f63a12b2d4e3db723af24fa10292dd7cad9f6a8,027e9f540567cd0e9ba00335ab9be0275a414b14608e10d49dc2d6a2633aa546,864fd407bd7646b84c381d0e44c09d26897c3acf33c9d629de5d74a4bd9ab762503c40192fd41ff68f9c156a7a2900e08472528ca4a4f122bd8ab5794dffb083,0d88ca49410b81314c584ad5d964cde376f5cc7de32bdea9baec8118603e9b612e593ac1a2d3408ebcf939c4b11dc6f38f9da657d2fe74ffb7e3494c0252a332,7e4de419f57f6c557e436aa789dcbe6ff1ed4e40bff82ca8f1135e2d3a21672e,2590426400
lsd,1.2.0,amd64,gnu,"https://github.com/lsd-rs/lsd/releases/download/v1.2.0/lsd-v1.2.0-x86_64-unknown-linux-gnu.tar.gz",tar.gz,2026-05-17T15:13:22Z,OK,1636378,557980779c90816b2e05e7d2c1ce5660,109dc118d11d329d6c3bade89e71614eda6f1073,57d3b5859254adcfb8374ce98159cca97a14959997d2ae1176d2cff59556d829,223f0ce29c2ae38606e8a3b31b26dbe51e8bec12066a758732f4af753046ddda3f232b863224a3d32e5141eba85bf8a199da2f69e8efcd4a48b4638f93ec4271,833f8ac4ad78abccb244f5e5208e46ce92f18aeb6874ea440bfec8dba4025ce600bf792a3193c194eada37ab438595360ae14fb9c699047086ab204dc6982b05,645c5708163c5b033702d23a0c263ce6a1e6912c87b211799362ad226954ea71,2153070497
lsd,1.2.0,amd64,musl,"https://github.com/lsd-rs/lsd/releases/download/v1.2.0/lsd-v1.2.0-x86_64-unknown-linux-musl.tar.gz",tar.gz,2026-05-17T15:13:22Z,OK,1666188,7b3dae6f42b33597df362ff1b0d8266c,25dfb00af36a5186446e618c6b97d81466473538,77849da1210336534258551a581401ba19ae6b8d7b66a2a1feff148ad41e3814,8f45d30eb781d861d143d1b7ea150e5ecaa60559f27c1ab172eb483993dda3aa696097f383e1a50fed1deb4643f703c594e46b454d071360686157a0e716fd40,6441365df7550d81d1dc90dd8af681defe39cb6ecf08eadab5fb649735a5c759a7f26da6a60ae9a87b449be7ce30fa599c174ecc80caf4dab826b5c9a43a5e1d,49b847bc2e2e1070effd82f3a5f306268d32e17d9342ef30d6102910205b86e5,4285926344
lsd,1.2.0,arm64,gnu,"https://github.com/lsd-rs/lsd/releases/download/v1.2.0/lsd-v1.2.0-aarch64-unknown-linux-gnu.tar.gz",tar.gz,2026-05-17T15:13:22Z,OK,1483193,2918cf11410979fdcea77c602cfd0933,fd0d618ab735a7bb25521220ce2d70d592f9dd94,48c069cf73a8ed0851f366afeac86e3a9b7db416133f45d033d31d123f819f26,2ee55a3e8dc64c1880bddfdce04c27ef1b04bc9c349477e1aff23a786938ed36e15c45444755d9f26243aea8fbfc442aedad235a868512b726f1fdcf5f6a16bc,f11883c6b72045e967b6c58d815ae9fa6372b52caf2be28d18d0743fbbd12e8c8348c92af49b50d843e377f7f6edcdd017372c57d6f9f09571351db41ef5c41f,84cb82175404670700701a117c9871174866172922b2337ee34add7c0d2629d4,2029904193
lsd,1.2.0,arm64,musl,"https://github.com/lsd-rs/lsd/releases/download/v1.2.0/lsd-v1.2.0-aarch64-unknown-linux-gnu.tar.gz",tar.gz,2026-05-17T15:13:22Z,OK,1483193,2918cf11410979fdcea77c602cfd0933,fd0d618ab735a7bb25521220ce2d70d592f9dd94,48c069cf73a8ed0851f366afeac86e3a9b7db416133f45d033d31d123f819f26,2ee55a3e8dc64c1880bddfdce04c27ef1b04bc9c349477e1aff23a786938ed36e15c45444755d9f26243aea8fbfc442aedad235a868512b726f1fdcf5f6a16bc,f11883c6b72045e967b6c58d815ae9fa6372b52caf2be28d18d0743fbbd12e8c8348c92af49b50d843e377f7f6edcdd017372c57d6f9f09571351db41ef5c41f,84cb82175404670700701a117c9871174866172922b2337ee34add7c0d2629d4,2029904193
micro,2.0.15,amd64,gnu,"https://github.com/zyedidia/micro/releases/download/v2.0.15/micro-2.0.15-linux64.tar.gz",tar.gz,2026-05-17T15:13:22Z,OK,5088851,cee867f89a83aba2c402597504e2b37a,faad7b411cd3293bd0861c23119c3226daf1f550,dfa1b6ae53e4e0b063b54224fd2b6b0a3c3159ea09d042a3a8f5cd001844d44c,00a6f6ebdfe26dc0f7eb93d0f2f391fab64da7b480456c78a95ee531ac72b16c8ef9e6910dec291c9c93ecca72f5744cfc4240e7fa3065a3e1410ecf3386babb,bc301b18e4a8451127d0bb10801f234c8e89880ff94277643317a1c59337d28ecbbde76afcf94d976a3c96749dcdbfebdf34318013c42a4ad3d22cea33d4c68b,6ce51cf8f24a8e653da062bdc26b00c0db809cc1f9c327eeb7aacac602df4b51,570644917
micro,2.0.15,amd64,musl,"https://github.com/zyedidia/micro/releases/download/v2.0.15/micro-2.0.15-linux64-static.tar.gz",tar.gz,2026-05-17T15:13:22Z,OK,5087804,6e62dff83442e155d9d2f771eae99159,bb9614e4c6eab1bbc9cbb44fc10b3dbe74d5ab30,267d238eac1e26ed053d13d4d48bd421b87f9eb538b604f0b2f74a85598b6cc2,6a6329024333f2cb202c38a92818c2509da76b8f7d5f143f92bc5669da3ecd1f82921190e3a0d34f1a108f7e90accf3a3fd82e321b548afdcb5385d4d85504dc,8053c68b4c545d494c460c4c1c00e9f7b4614e04272bb34f4f7f7ee08e25dec7dfe310503eab7a86ee7e0e3971ec3e6c7e338503136c1eb2a6861dfb400cbcd4,d372c10ca0de8629c0f134fb89fc149300e49a8f3b15d745c80bee336cce784b,601363111
micro,2.0.15,arm64,gnu,"https://github.com/zyedidia/micro/releases/download/v2.0.15/micro-2.0.15-linux-arm64.tar.gz",tar.gz,2026-05-17T15:13:22Z,OK,4680364,3d5eeb8ff96e50c30ffb094dc0ce9c28,ded24ff2fc15629eca7fcfae6bf54c2c57e89968,5ca127857bf5500be3879f1a70b27556e737a49da04a1be5334de9e8e8781ad9,629374c82f67ff9c2ab30043d0523eb5c7acb7c39d39ff347710c095abc397a6a4a431b1b3e8eff48a8efd64eb90fac0eaffe8e3555d3133d2c16184f1c92b0d,45b9f8b2ce4ba6d79cbe411e22f4d39ebba28df99c279596556f8cc74f80abf2badb9cd77e1c348fa278282842ec12f483f55315da6fa2804fd466d126f80e95,f9d805e330c71463e9d704b0f1d4c954f28764af506598a82c90899187dc7a7a,3527124128
micro,2.0.15,arm64,musl,"https://github.com/zyedidia/micro/releases/download/v2.0.15/micro-2.0.15-linux-arm64.tar.gz",tar.gz,2026-05-17T15:13:22Z,OK,4680364,3d5eeb8ff96e50c30ffb094dc0ce9c28,ded24ff2fc15629eca7fcfae6bf54c2c57e89968,5ca127857bf5500be3879f1a70b27556e737a49da04a1be5334de9e8e8781ad9,629374c82f67ff9c2ab30043d0523eb5c7acb7c39d39ff347710c095abc397a6a4a431b1b3e8eff48a8efd64eb90fac0eaffe8e3555d3133d2c16184f1c92b0d,45b9f8b2ce4ba6d79cbe411e22f4d39ebba28df99c279596556f8cc74f80abf2badb9cd77e1c348fa278282842ec12f483f55315da6fa2804fd466d126f80e95,f9d805e330c71463e9d704b0f1d4c954f28764af506598a82c90899187dc7a7a,3527124128
neovim,0.12.2,amd64,gnu,"https://github.com/neovim/neovim/releases/download/v0.12.2/nvim-linux-x86_64.tar.gz",tar.gz,2026-05-17T15:13:22Z,OK,11368705,26313523a7110b191b583b26c11a2cc0,b8b14c1a9cb255cc40970ed0d7546b13750e66c0,31cf85945cb600d96cdf69f88bc68bec814acbff50863c5546adef3a1bcef260,7d10e9b0e9cd8ab9d7be6893011b07f72520ee07401fc6a1c63014ea8312bcae210158eed766c8a30a72bc5bcf5779175462d35b7cd2f004827c6f25d66ccd48,b300a267fde7ea6f9a90da590b50a6c2005a57e3d82201a773093bc0dc674aa18b7fd5ecd375de98d9b1d71f097b1a9830bb51673f3959ad067fcbb942b3fec7,0f28965e5832aaafc5e41232c42a0eefd8df3fd55630bf833a3027c5062ff4b6,3446675435
neovim,0.12.2,arm64,gnu,"https://github.com/neovim/neovim/releases/download/v0.12.2/nvim-linux-arm64.tar.gz",tar.gz,2026-05-17T15:13:22Z,OK,11330653,cdc4facc45826fbce89a02cefc5ca198,6452b0a8491f10e50d56183e6101bddf74ef1c84,f697d4e4582b6e4b5c3c26e76e06ce26efa08ba1768e03fd2733fcc422bb0490,dcf95fcc325eedbf191de4d965148314517ade7e4e17c8f389c48d9ae2a678e3fcb322f922bb7613ae39f4cd9c401d54d0b39c4b37894b282d0933b76eedf73c,31fe5549243bdaae2051198bb76e7299c0b74f66ea312bb85a0f971ebc19f83a175c92a4c641685cbedc694fce371f9e7cf10c077d1174fb8bc74482e2d745c7,4fc28b754a5123f93dfaee6e0de9195879fae4b36bbaf4b8848cac4c2892ca4e,840386111
qsv,20.0.0,amd64,gnu,"https://github.com/dathere/qsv/releases/download/20.0.0/qsv-20.0.0-x86_64-unknown-linux-gnu.zip",zip,2026-05-17T15:13:22Z,OK,409072011,65edfb791fe8cf4b0bcddeb4dc274b14,601608bd1ddcfc45465aa20a5ccfca225ba8bb04,e22aa273e9b2a5674e1be3974acf58eea5364986a54e7b22c93f09e650b694e3,0a567c83d16bfc4d200216c2b68d19930cfce79f53e72434c2356dd05bf79f3e6212c9e2abf565fdfab15ec07f21c4646a060960f4e058fc6fa3bafe029b3d5d,b09f7c95d83f301084544d3f287b0a7a00c45944b787df1c005d7f6aea85dc894edf6d9aefa5a4af199ce7c6e6927c39ff23035b8f12f58255775d7e01a3cde8,3ff596f3d1d57c6d67fae0966a2a2a38293a71130e3e355c446f2fcd3ce64893,1583389086
qsv,20.0.0,amd64,musl,"https://github.com/dathere/qsv/releases/download/20.0.0/qsv-20.0.0-x86_64-unknown-linux-musl.zip",zip,2026-05-17T15:13:22Z,OK,62297017,18fa9ab85ac1ff42ebe90ce19f348b3a,243aff87afcdeb44907dbd46c069e62aae5e61f7,c8107bd6a134ccbe466b925497f6e6a95c7741fb973a28999b90d7f50873afd6,d35a29d72d1911b246f7dd26a5af7566c3f6e162f109143284a279c1f7dddec982b8fa919d3fbcbba0760cc93b7d690218c33fe0af12d868250c62ee15577edd,81e5728baa1e2b685fa1cdea670d4ff3df94cc73be4d1964d192b033be2c7571c03019926a88052e1c20e61af2d39942842abc7e73c5fc92cc1c19fef23f10e6,569c6b3604cbb3db1f0490ec0a578f32d1f9e9fce63b244faa814661b773a81d,3382658883
qsv,20.0.0,arm64,gnu,"https://github.com/dathere/qsv/releases/download/20.0.0/qsv-20.0.0-aarch64-unknown-linux-gnu.zip",zip,2026-05-17T15:13:22Z,OK,57137056,8e4047a1cc6474921da643c73d56d906,fcb797cfd28258230e3da75a6369a50ea0a85af0,7acfa5d9a3f01ccd48e3049e6ec6393ddb8878f575b4d0ecf205de1ddfa8c7c6,e31002a5c62f85882d581afce94fb32e75f6b51ec759eac5d644ea451d1bae3aec9e9d9fb3c2d0d00501a40e53dbcd6b62dd11d69ec2b76242cfa6de517718eb,7a75cc631180d24e8d81a6018b66e796724d0ed34c92eaf4c5cba94548247b124af368d60b6b4711f84a831e628460a8512e8355e2106572971cff8ea8f16e34,e90017afb6a7f4cf5b1dbef93e3d2f7746fc54ed4420d5997e7a49453603cf95,895230481
ripgrep,15.1.0,amd64,gnu,"https://github.com/BurntSushi/ripgrep/releases/download/15.1.0/ripgrep-15.1.0-x86_64-unknown-linux-musl.tar.gz",tar.gz,2026-05-17T15:13:22Z,OK,2263077,6b49afc1a7eab7af949cf9b041702fbc,ba46c3dbc2ac3dfaa6d00b5f3aa14a51c1366a3d,1c9297be4a084eea7ecaedf93eb03d058d6faae29bbc57ecdaf5063921491599,c469081f8eff492379a912a7978435a2929abc05e662b0e53dd2bb066df266cab84bedfc572f7b330403a16b5afcd0957ebdb98c5773e8afc0c1df2a465a9d75,7da4187297c58135a062e21cf3c58cdbc09f2c86e193c7bf26ebba00d9f3d3261e08f0d96396880b4f0913ced02278fd7e866dead3768276dbf4e8cc34090639,3380cd934e8ba7c4afaccfe4559c205d39b1f4d41e53fec22c9fc8484167da91,2374899154
ripgrep,15.1.0,amd64,musl,"https://github.com/BurntSushi/ripgrep/releases/download/15.1.0/ripgrep-15.1.0-x86_64-unknown-linux-musl.tar.gz",tar.gz,2026-05-17T15:13:22Z,OK,2263077,6b49afc1a7eab7af949cf9b041702fbc,ba46c3dbc2ac3dfaa6d00b5f3aa14a51c1366a3d,1c9297be4a084eea7ecaedf93eb03d058d6faae29bbc57ecdaf5063921491599,c469081f8eff492379a912a7978435a2929abc05e662b0e53dd2bb066df266cab84bedfc572f7b330403a16b5afcd0957ebdb98c5773e8afc0c1df2a465a9d75,7da4187297c58135a062e21cf3c58cdbc09f2c86e193c7bf26ebba00d9f3d3261e08f0d96396880b4f0913ced02278fd7e866dead3768276dbf4e8cc34090639,3380cd934e8ba7c4afaccfe4559c205d39b1f4d41e53fec22c9fc8484167da91,2374899154
ripgrep,15.1.0,arm64,gnu,"https://github.com/BurntSushi/ripgrep/releases/download/15.1.0/ripgrep-15.1.0-aarch64-unknown-linux-gnu.tar.gz",tar.gz,2026-05-17T15:13:22Z,OK,1869959,58af22ce53b091d4f27825b48fb611e1,25e70733ad446aa5146c4186c818e44eec973783,2b661c6ef508e902f388e9098d9c4c5aca72c87b55922d94abdba830b4dc885e,84c6f873f0a05457ca6af128fafb16904c47cea977dc8cf35b3e17e1f2f9b9ec7bed4ff9f4edbb80a2c0bbc7d251daf12d8873979dcb8c236f2037d8577068b3,501a8a58ac273bc2bff6eabd31a798f689079835504de57838cf200dade6b70c512218d9d4e94a9fdee6362487a452edf380671805fe9c7290ef3cabcc0ba09e,9120a2b1432db71750e78fc5659825db1c45e9f179645709f968dca774e59075,73528909
ripgrep,15.1.0,arm64,musl,"https://github.com/BurntSushi/ripgrep/releases/download/15.1.0/ripgrep-15.1.0-aarch64-unknown-linux-gnu.tar.gz",tar.gz,2026-05-17T15:13:22Z,OK,1869959,58af22ce53b091d4f27825b48fb611e1,25e70733ad446aa5146c4186c818e44eec973783,2b661c6ef508e902f388e9098d9c4c5aca72c87b55922d94abdba830b4dc885e,84c6f873f0a05457ca6af128fafb16904c47cea977dc8cf35b3e17e1f2f9b9ec7bed4ff9f4edbb80a2c0bbc7d251daf12d8873979dcb8c236f2037d8577068b3,501a8a58ac273bc2bff6eabd31a798f689079835504de57838cf200dade6b70c512218d9d4e94a9fdee6362487a452edf380671805fe9c7290ef3cabcc0ba09e,9120a2b1432db71750e78fc5659825db1c45e9f179645709f968dca774e59075,73528909
starship,1.25.1,amd64,gnu,"https://github.com/starship/starship/releases/download/v1.25.1/starship-x86_64-unknown-linux-gnu.tar.gz",tar.gz,2026-05-17T15:13:22Z,OK,4969178,f55181872f8ad92e01bdc939640dc4a8,e6b96bc626480117f015bc8e3a2964900a97d6fc,4488c11ca632327d1f1f16fb2f102c0646094c35479cd5435991385da43c61ac,28ce423e0cff8a7e687071ba06e74f2a7e66093ad70c4a17bd604ea2fa4034af9777fd584c28f2b803923a109250198e0c9602d3c4ecac38066221ec1f1091ff,44e36f60d65b1adb947df3bfde63000dc7c417d6175ae845c9b7e5540ddca0c38b298d04d116e0a42a4f0b82799ecda2950ce0adc8baff98e0d594dc5633bb3f,8868ea0c344d83b276ee9b49b0c9a7c404a41e75290709b348e0b2cd8667cbd3,1103019196
starship,1.25.1,amd64,musl,"https://github.com/starship/starship/releases/download/v1.25.1/starship-x86_64-unknown-linux-musl.tar.gz",tar.gz,2026-05-17T15:13:22Z,OK,5046130,0a6b58c68258f9693d3688080d6bff6e,c659ab29f8192044e79629d01c1a2c692e14bd9f,c6ddd3ecb9c0071a2ad38d98cee748160066b7c4f197421268058f4a5d6f8504,982f402b995864389ad9418a0253990f8cfa731f3cc58563139879d46dbb85401375469fd40643ac21fb35d4e115d1b00e2bd237eca7ef8d64dee97138024e1d,4b21cb5a386abbee93bac43d6453e39021b97d164926e954995f5353e90e8e1295b7e074e7adea6d2f9850c75f2d5cc65ddac0b4544c0527c1c2f754bba6d51a,e62bacfa45b92e0cc58f26c77994bc76eb9db08199f26a1f221107d1cf430b8c,2095099380
starship,1.25.1,arm64,gnu,"https://github.com/starship/starship/releases/download/v1.25.1/starship-aarch64-unknown-linux-musl.tar.gz",tar.gz,2026-05-17T15:13:22Z,OK,4652881,f5e11e3c33bd893d2b84874949ddef8c,59f1ce337dddee137c570abef0ed99c5b3023f27,01517aab398959ea9ea73bdb4f032ea4dbb51dff5c8e5eb05b4a1b9b7ab872b8,12de4194e86d7143cfca212cf767df13a0acae00d051f2f34db10c02b242c53cfeeae24e078a3fe53d6f9ec7f2386b2934796c9930963fb54ed753c8fa698bd4,110eeca602e2aa75887c34a82e9e6f2cda977643b37cccc8c30c6811ab9217d3ef89a19542af66cb483dcf916debaad5aba69467c134e2e7c6218c9b6afcb8b8,381f67a78f3d72a7db83063bf06476e112db3ee31a070fc6b06b2cffaaf59994,2135783961
starship,1.25.1,arm64,musl,"https://github.com/starship/starship/releases/download/v1.25.1/starship-aarch64-unknown-linux-musl.tar.gz",tar.gz,2026-05-17T15:13:22Z,OK,4652881,f5e11e3c33bd893d2b84874949ddef8c,59f1ce337dddee137c570abef0ed99c5b3023f27,01517aab398959ea9ea73bdb4f032ea4dbb51dff5c8e5eb05b4a1b9b7ab872b8,12de4194e86d7143cfca212cf767df13a0acae00d051f2f34db10c02b242c53cfeeae24e078a3fe53d6f9ec7f2386b2934796c9930963fb54ed753c8fa698bd4,110eeca602e2aa75887c34a82e9e6f2cda977643b37cccc8c30c6811ab9217d3ef89a19542af66cb483dcf916debaad5aba69467c134e2e7c6218c9b6afcb8b8,381f67a78f3d72a7db83063bf06476e112db3ee31a070fc6b06b2cffaaf59994,2135783961
tealdeer,1.8.1,amd64,gnu,"https://github.com/tealdeer-rs/tealdeer/releases/download/v1.8.1/tealdeer-linux-x86_64-musl",none,2026-05-17T15:13:22Z,OK,3564384,f8cc80b19f0a7e334fce633c0b89e75a,921f13e491d5fa5fb8c25729d920bce3f559a4ef,6f2fad4435e0110484d3f25cdc4bf20129dae03238f32d06ebdd00bdc50ae2ed,3c692ce6f9e3be41ebe0e1da0877698a7f5cf2dfa5b77250a79ee0dd7df05749da1163bd89c010c2d7732c9fd332c22370344904553a1d4219d76a6e00bbf540,177b83e58aea8f01618b734faba9b9622bc012b673c3e55c30de0657bba64d8125af7398006428193f1cfe9b182dd3ed4384dabbc22e9dcb5e983e3be37d5604,ccf3139621566341a116594c16b020f6d47a20681c6323aaeb1924b5995a5b67,4150065218
tealdeer,1.8.1,amd64,musl,"https://github.com/tealdeer-rs/tealdeer/releases/download/v1.8.1/tealdeer-linux-x86_64-musl",none,2026-05-17T15:13:22Z,OK,3564384,f8cc80b19f0a7e334fce633c0b89e75a,921f13e491d5fa5fb8c25729d920bce3f559a4ef,6f2fad4435e0110484d3f25cdc4bf20129dae03238f32d06ebdd00bdc50ae2ed,3c692ce6f9e3be41ebe0e1da0877698a7f5cf2dfa5b77250a79ee0dd7df05749da1163bd89c010c2d7732c9fd332c22370344904553a1d4219d76a6e00bbf540,177b83e58aea8f01618b734faba9b9622bc012b673c3e55c30de0657bba64d8125af7398006428193f1cfe9b182dd3ed4384dabbc22e9dcb5e983e3be37d5604,ccf3139621566341a116594c16b020f6d47a20681c6323aaeb1924b5995a5b67,4150065218
tealdeer,1.8.1,arm64,gnu,"https://github.com/tealdeer-rs/tealdeer/releases/download/v1.8.1/tealdeer-linux-aarch64-musl",none,2026-05-17T15:13:22Z,OK,2953464,0d3c8975617b93287830c8eef40d78e4,f325d1fc0f7297bcd506f254080581fe73ba677a,09d4506b3ba2efe7376e3a5ce1238aa5e6c33ae6f2532c190156540f6c4e7d69,5f792e15c6fb23d9a3eae8f563cbfcd3a0d799e6ca7cf5a47b700c0a5b09ffca7caa33e801ef1c4fbd51a2ef20504bea91bde2e5a160cb0504183eb274b69475,0e8912e88d7da960b1d65979b710fe256221e4a0418e0add1cfd2e8421297c833040537a5f463df9e1138574cc8ef2b9d915c5a9f489bd9ab0ba83531d9575d1,0401c36cc2f0e4c74c9c6241c079268f366943aff926ab71e71469415a91f8d3,772902240
tealdeer,1.8.1,arm64,musl,"https://github.com/tealdeer-rs/tealdeer/releases/download/v1.8.1/tealdeer-linux-aarch64-musl",none,2026-05-17T15:13:22Z,OK,2953464,0d3c8975617b93287830c8eef40d78e4,f325d1fc0f7297bcd506f254080581fe73ba677a,09d4506b3ba2efe7376e3a5ce1238aa5e6c33ae6f2532c190156540f6c4e7d69,5f792e15c6fb23d9a3eae8f563cbfcd3a0d799e6ca7cf5a47b700c0a5b09ffca7caa33e801ef1c4fbd51a2ef20504bea91bde2e5a160cb0504183eb274b69475,0e8912e88d7da960b1d65979b710fe256221e4a0418e0add1cfd2e8421297c833040537a5f463df9e1138574cc8ef2b9d915c5a9f489bd9ab0ba83531d9575d1,0401c36cc2f0e4c74c9c6241c079268f366943aff926ab71e71469415a91f8d3,772902240
zoxide,0.9.9,amd64,gnu,"https://github.com/ajeetdsouza/zoxide/releases/download/v0.9.9/zoxide-0.9.9-x86_64-unknown-linux-musl.tar.gz",tar.gz,2026-05-17T15:13:22Z,OK,567810,c6f5920806e1b8284b7ebcdead26172d,402b451bddebcaecc631a4ba0d7246449a8ed6bf,4ff057d3c4d957946937274c2b8be7af2a9bbae7f90a1b5e9baaa7cb65a20caa,f1a310b8b3e243426957fcbcb4d7b360a810a6ff12efa6c53d07cbe9435d65cbdcb6ab5f57123a60921822bb12023926ceade887ce1fd66eaaa45feed5e31ce7,f826140ce33fb960505b23a83ad72781a7ec209b70e19f135db136e2059bc51b2ba36ae56a857dfa14098c1d7e6e51cfacd15d84ad5864abe3a06f06c0bff63a,bb1e74d4f6cb4d8d6a06c8a16e1e9abb58bb517a85fafc69da2f21714553ce89,557518002
zoxide,0.9.9,amd64,musl,"https://github.com/ajeetdsouza/zoxide/releases/download/v0.9.9/zoxide-0.9.9-x86_64-unknown-linux-musl.tar.gz",tar.gz,2026-05-17T15:13:22Z,OK,567810,c6f5920806e1b8284b7ebcdead26172d,402b451bddebcaecc631a4ba0d7246449a8ed6bf,4ff057d3c4d957946937274c2b8be7af2a9bbae7f90a1b5e9baaa7cb65a20caa,f1a310b8b3e243426957fcbcb4d7b360a810a6ff12efa6c53d07cbe9435d65cbdcb6ab5f57123a60921822bb12023926ceade887ce1fd66eaaa45feed5e31ce7,f826140ce33fb960505b23a83ad72781a7ec209b70e19f135db136e2059bc51b2ba36ae56a857dfa14098c1d7e6e51cfacd15d84ad5864abe3a06f06c0bff63a,bb1e74d4f6cb4d8d6a06c8a16e1e9abb58bb517a85fafc69da2f21714553ce89,557518002
zoxide,0.9.9,arm64,gnu,"https://github.com/ajeetdsouza/zoxide/releases/download/v0.9.9/zoxide-0.9.9-aarch64-unknown-linux-musl.tar.gz",tar.gz,2026-05-17T15:13:22Z,OK,527900,8fc2b31beec14e7c3ef553f05d8bd20f,d43983e61d032db6ecdcde8bbe7616e50cb9d166,96e6ea2e47a71db42cb7ad5a36e9209c8cb3708f8ae00f6945573d0d93315cb0,6643bbb7d714d662a3b8405d841f1a3dc64d38b3ed4f5a7f941b9dcb7ad7973aea4adb473e86c5908a94f10df70df924cc18735438a3e2c0d030a2329594c189,4f6147fb5069103f650e353c6af9961131caa239c2d92a21ca96b788f7138f3a4ee4fbd6912eac0873545e175d23006182b64d76a80dd998916991296cba39ec,1cc0d06f4e99ddb49ae016086d6b804d8964809a5268ef6afee0292f07266234,132728112
zoxide,0.9.9,arm64,musl,"https://github.com/ajeetdsouza/zoxide/releases/download/v0.9.9/zoxide-0.9.9-aarch64-unknown-linux-musl.tar.gz",tar.gz,2026-05-17T15:13:22Z,OK,527900,8fc2b31beec14e7c3ef553f05d8bd20f,d43983e61d032db6ecdcde8bbe7616e50cb9d166,96e6ea2e47a71db42cb7ad5a36e9209c8cb3708f8ae00f6945573d0d93315cb0,6643bbb7d714d662a3b8405d841f1a3dc64d38b3ed4f5a7f941b9dcb7ad7973aea4adb473e86c5908a94f10df70df924cc18735438a3e2c0d030a2329594c189,4f6147fb5069103f650e353c6af9961131caa239c2d92a21ca96b788f7138f3a4ee4fbd6912eac0873545e175d23006182b64d76a80dd998916991296cba39ec,1cc0d06f4e99ddb49ae016086d6b804d8964809a5268ef6afee0292f07266234,132728112
